alanine	A	Ala	GCU, GCC, GCA, GCG	[DFB]
cysteine	C	Cys	UGU, UGC	[CEG]
aspartic acid	D	Asp	GAU, GAC	[Bdg]
glutamic acid	E	Glu	GAA, GAG	[GBd]
phenylalanine	F	Phe	UUU, UUC	[B,DG]
glycine	G	Gly	GGU, GGC, GGA, GGG	[DFA]
histidine	H	His	CAU, CAC	[F,A,C]
isoleucine	I	Ile	AUU, AUC, AUA	[CEA]
lysine	K	Lys	AAA, AAG	[cea]
leucine	L	Leu	UUA, UUG, CUU, CUC, CUA, CUG	[A,CE]
methionine	M	Met	AUG	[D,F,A,]
asparagine	N	Asn	AAU, AAC	[Acf]
pyrrolysine*	O	Pyl	UAG
proline	P	Pro	CCU, CCC, CCA, CCG	[E,G,B,]
glutamine	Q	Gln	CAA, CAG	[FAc]
arginine	R	Arg	CGU, CGC, CGA, CGG, AGA, AGG	[Ace]
serine	S	Ser	UCU, UCC, UCA, UCG, AGU, AGC	[GBe]
threonine	T	Thr	ACU, ACC, ACA, ACG	[EGB]
selenocysteine*	U	Sec	UGA
valine	V	Val	GUU, GUC, GUA, GUG	[B,DF]
tryptophan	W	Trp	UGG	[C,E,G,]
tyrosine	Y	Tyr	UAU, UAC	[G,B,D]
stop codon	-	Term	UAA, UAG, UGA	[C,Ccc']
